username,first_name,last_name,email,section,github_id,role
dongura,,,,,33879013,teacher
jp1729,Test,Account,nahk4r@gmail.com,,8700707,student
alanSquirrelyz,,,,,113870341,teacher
naerr001,Neha,Aerrabotu,naerr001@ucr.edu,001,194295098,
mdiep010,Megan,Diep,mdiep010@ucr.edu,001,157239381,
ggopi002,Guru,Gopinath,ggopi002@ucr.edu,001,206270541,
jherr116,Javier,Herrera,jherr116@ucr.edu,001,140909753,
ija001,Isaac,Ja,ija001@ucr.edu,001,136743173,
jmill207,Jason,Millhiser,jmill207@ucr.edu,001,234679476,
kmoe005,Khin,Moe,kmoe005@ucr.edu,001,274650717,
bphan047,Brandon,Phan,bphan047@ucr.edu,001,194550509,
wsing006,Walter,Singleton,wsing006@ucr.edu,001,255328767,
dwang237,Dell,Wang,dwang237@ucr.edu,001,201803341,
Myu108,Marcus,Yu,myu108@ucr.edu,001,111802997,
hzhan407,Hao,Zhang,hzhan407@ucr.edu,001,194192755,
